No;Province;City/Kab;City/Kab Name;Kec/subDistrict;Kelurahan/village;Postal Code
78502;Sumatera Utara;Kabupaten;Mandailing Natal;Kotanopan;Tambang Bustak;22994
78503;Sumatera Utara;Kabupaten;Mandailing Natal;Kotanopan;Tamiang;22994
78504;Sumatera Utara;Kabupaten;Mandailing Natal;Kotanopan;Tobang;22994
78505;Sumatera Utara;Kabupaten;Mandailing Natal;Kotanopan;Ujung Marisi;22994
78506;Sumatera Utara;Kabupaten;Mandailing Natal;Kotanopan;Usor Tolang;22994
78507;Sumatera Utara;Kabupaten;Mandailing Natal;Lembah Sorik Marapi;Aek Marian Mg;22994
78508;Sumatera Utara;Kabupaten;Mandailing Natal;Lembah Sorik Marapi;Bangun Purba;22994
78509;Sumatera Utara;Kabupaten;Mandailing Natal;Lembah Sorik Marapi;Maga Dolok;22994
78510;Sumatera Utara;Kabupaten;Mandailing Natal;Lembah Sorik Marapi;Maga Lombang;22994
78511;Sumatera Utara;Kabupaten;Mandailing Natal;Lembah Sorik Marapi;Pangkat;22994
78512;Sumatera Utara;Kabupaten;Mandailing Natal;Lembah Sorik Marapi;Pasar Maga;22994
78513;Sumatera Utara;Kabupaten;Mandailing Natal;Lembah Sorik Marapi;Purba Baru;22994
78514;Sumatera Utara;Kabupaten;Mandailing Natal;Lembah Sorik Marapi;Purba Lamo;22994
78515;Sumatera Utara;Kabupaten;Mandailing Natal;Lembah Sorik Marapi;Sian Tona;22994
78516;Sumatera Utara;Kabupaten;Mandailing Natal;Lingga Bayu;Aek Garinggin;22983
78517;Sumatera Utara;Kabupaten;Mandailing Natal;Lingga Bayu;Aek Manyuruk;22983
78518;Sumatera Utara;Kabupaten;Mandailing Natal;Lingga Bayu;Bandar Limabung;22983
78519;Sumatera Utara;Kabupaten;Mandailing Natal;Lingga Bayu;Bonca Bayuon;22983
78520;Sumatera Utara;Kabupaten;Mandailing Natal;Lingga Bayu;Dalan Lidang;22983
78521;Sumatera Utara;Kabupaten;Mandailing Natal;Lingga Bayu;Kampung Baru;22983
78522;Sumatera Utara;Kabupaten;Mandailing Natal;Lingga Bayu;Lancat;22983
78523;Sumatera Utara;Kabupaten;Mandailing Natal;Lingga Bayu;Lobung;22983
78524;Sumatera Utara;Kabupaten;Mandailing Natal;Lingga Bayu;Padang Silojongan;22983
78525;Sumatera Utara;Kabupaten;Mandailing Natal;Lingga Bayu;Pangkalan;22983
78526;Sumatera Utara;Kabupaten;Mandailing Natal;Lingga Bayu;Perbatasan;22983
78527;Sumatera Utara;Kabupaten;Mandailing Natal;Lingga Bayu;Perk. Simpang Gambir;22983
78528;Sumatera Utara;Kabupaten;Mandailing Natal;Lingga Bayu;Sikumbu;22983
78529;Sumatera Utara;Kabupaten;Mandailing Natal;Lingga Bayu;Simpang Bajole;22983
78530;Sumatera Utara;Kabupaten;Mandailing Natal;Lingga Bayu;Simpang Duku;22983
78531;Sumatera Utara;Kabupaten;Mandailing Natal;Lingga Bayu;Simpang Durian;22983
78532;Sumatera Utara;Kabupaten;Mandailing Natal;Lingga Bayu;Simpang Gambir;22983
78533;Sumatera Utara;Kabupaten;Mandailing Natal;Lingga Bayu;Simpang Koje;22983
78534;Sumatera Utara;Kabupaten;Mandailing Natal;Lingga Bayu;Tangsi Atas;22983
78535;Sumatera Utara;Kabupaten;Mandailing Natal;Lingga Bayu;Tapus;22983
78536;Sumatera Utara;Kabupaten;Mandailing Natal;Muara Batang Gadis;Batu Mundam;22989
78537;Sumatera Utara;Kabupaten;Mandailing Natal;Muara Batang Gadis;Hutaimbaru;22989
78538;Sumatera Utara;Kabupaten;Mandailing Natal;Muara Batang Gadis;Lubuk Kapundung;22989
78539;Sumatera Utara;Kabupaten;Mandailing Natal;Muara Batang Gadis;Lubuk Kapundung II;22989
78540;Sumatera Utara;Kabupaten;Mandailing Natal;Muara Batang Gadis;Manuncang;22989
78541;Sumatera Utara;Kabupaten;Mandailing Natal;Muara Batang Gadis;Panunggulan;22989
78542;Sumatera Utara;Kabupaten;Mandailing Natal;Muara Batang Gadis;Pasar Singkuang I;22989
78543;Sumatera Utara;Kabupaten;Mandailing Natal;Muara Batang Gadis;Pasar Singkuang II;22989
78544;Sumatera Utara;Kabupaten;Mandailing Natal;Muara Batang Gadis;Rantau Panjang;22989
78545;Sumatera Utara;Kabupaten;Mandailing Natal;Muara Batang Gadis;Sale Baru;22989
78546;Sumatera Utara;Kabupaten;Mandailing Natal;Muara Batang Gadis;Sikapas;22989
78547;Sumatera Utara;Kabupaten;Mandailing Natal;Muara Batang Gadis;Suka Makmur;22989
78548;Sumatera Utara;Kabupaten;Mandailing Natal;Muara Batang Gadis;Tabuyung;22989
78549;Sumatera Utara;Kabupaten;Mandailing Natal;Muara Batang Gadis;Tagilang Julu;22989
78550;Sumatera Utara;Kabupaten;Mandailing Natal;Muara Sipongi;Aek Botung;22998
78551;Sumatera Utara;Kabupaten;Mandailing Natal;Muara Sipongi;Bandar Panjang;22998
78552;Sumatera Utara;Kabupaten;Mandailing Natal;Muara Sipongi;Bandar Panjang Tuo;22998
78553;Sumatera Utara;Kabupaten;Mandailing Natal;Muara Sipongi;Kampung Pinang;22998
78554;Sumatera Utara;Kabupaten;Mandailing Natal;Muara Sipongi;Koto Baringin;22998
78555;Sumatera Utara;Kabupaten;Mandailing Natal;Muara Sipongi;Koto Boru;22998
78556;Sumatera Utara;Kabupaten;Mandailing Natal;Muara Sipongi;Limau Manis;22998
78557;Sumatera Utara;Kabupaten;Mandailing Natal;Muara Sipongi;Muara Kumpulan;22998
78558;Sumatera Utara;Kabupaten;Mandailing Natal;Muara Sipongi;Pasar Muara Sipongi;22998
78559;Sumatera Utara;Kabupaten;Mandailing Natal;Muara Sipongi;Ranjo Batu;22998
78560;Sumatera Utara;Kabupaten;Mandailing Natal;Muara Sipongi;Sibinail;22998
78561;Sumatera Utara;Kabupaten;Mandailing Natal;Muara Sipongi;Simpang Mandepo;22998
78562;Sumatera Utara;Kabupaten;Mandailing Natal;Muara Sipongi;Tamiang Mudo;22998
78563;Sumatera Utara;Kabupaten;Mandailing Natal;Muara Sipongi;Tanjung Alai;22998
78564;Sumatera Utara;Kabupaten;Mandailing Natal;Muara Sipongi;Tanjung Larangan;22998
78565;Sumatera Utara;Kabupaten;Mandailing Natal;Muara Sipongi;Tanjung Medan;22998
78566;Sumatera Utara;Kabupaten;Mandailing Natal;Naga Juang;Banua Rakyat;22977
78567;Sumatera Utara;Kabupaten;Mandailing Natal;Naga Juang;Banua Sima Nosor;22977
78568;Sumatera Utara;Kabupaten;Mandailing Natal;Naga Juang;Humbang I;22977
78569;Sumatera Utara;Kabupaten;Mandailing Natal;Naga Juang;Sayur Matua;22977
78570;Sumatera Utara;Kabupaten;Mandailing Natal;Naga Juang;Tambiski;22977
78571;Sumatera Utara;Kabupaten;Mandailing Natal;Naga Juang;Tambiski Nauli;22977
78572;Sumatera Utara;Kabupaten;Mandailing Natal;Naga Juang;Tarutung Panjang;22977
78573;Sumatera Utara;Kabupaten;Mandailing Natal;Natal;Balimbing;22987
78574;Sumatera Utara;Kabupaten;Mandailing Natal;Natal;Bintuas;22987
78575;Sumatera Utara;Kabupaten;Mandailing Natal;Natal;Bonda Kase;22987
78576;Sumatera Utara;Kabupaten;Mandailing Natal;Natal;Buburan;22987
78577;Sumatera Utara;Kabupaten;Mandailing Natal;Natal;Kampung Sawah;22987
78578;Sumatera Utara;Kabupaten;Mandailing Natal;Natal;Kun-Kun;22987
78579;Sumatera Utara;Kabupaten;Mandailing Natal;Natal;Panggarutan;22987
78580;Sumatera Utara;Kabupaten;Mandailing Natal;Natal;Pardamean Baru;22987
78581;Sumatera Utara;Kabupaten;Mandailing Natal;Natal;Pasar I Natal;22987
78582;Sumatera Utara;Kabupaten;Mandailing Natal;Natal;Pasar II Natal;22987
78583;Sumatera Utara;Kabupaten;Mandailing Natal;Natal;Pasar III Natal;22987
78584;Sumatera Utara;Kabupaten;Mandailing Natal;Natal;Pasar IV Natal;22987
78585;Sumatera Utara;Kabupaten;Mandailing Natal;Natal;Pasar VI Natal;22987
78586;Sumatera Utara;Kabupaten;Mandailing Natal;Natal;Patiluban Hilir;22987
78587;Sumatera Utara;Kabupaten;Mandailing Natal;Natal;Patiluban Mudik;22987
78588;Sumatera Utara;Kabupaten;Mandailing Natal;Natal;Perkebunan Patiluban;22987
78589;Sumatera Utara;Kabupaten;Mandailing Natal;Natal;Rukun Jaya;22987
78590;Sumatera Utara;Kabupaten;Mandailing Natal;Natal;Sasaran;22987
78591;Sumatera Utara;Kabupaten;Mandailing Natal;Natal;Setia Karya;22987
78592;Sumatera Utara;Kabupaten;Mandailing Natal;Natal;Sikara Kara;22987
78593;Sumatera Utara;Kabupaten;Mandailing Natal;Natal;Sikara Kara I;22987
78594;Sumatera Utara;Kabupaten;Mandailing Natal;Natal;Sikara Kara II;22987
78595;Sumatera Utara;Kabupaten;Mandailing Natal;Natal;Sikara Kara III;22987
78596;Sumatera Utara;Kabupaten;Mandailing Natal;Natal;Sikara Kara IV;22987
78597;Sumatera Utara;Kabupaten;Mandailing Natal;Natal;Sinunukan V;22987
78598;Sumatera Utara;Kabupaten;Mandailing Natal;Natal;Suka Maju;22987
78599;Sumatera Utara;Kabupaten;Mandailing Natal;Natal;Sundutan Tigo;22987
78600;Sumatera Utara;Kabupaten;Mandailing Natal;Natal;Taluk;22987
78601;Sumatera Utara;Kabupaten;Mandailing Natal;Natal;Tegal Sari;22987
78602;Sumatera Utara;Kabupaten;Mandailing Natal;Natal;Tunas Karya;22987
78603;Sumatera Utara;Kabupaten;Mandailing Natal;Pakantan;Huta Gambir;22998
78604;Sumatera Utara;Kabupaten;Mandailing Natal;Pakantan;Huta Julu;22998
78605;Sumatera Utara;Kabupaten;Mandailing Natal;Pakantan;Huta Lancat;22998
78606;Sumatera Utara;Kabupaten;Mandailing Natal;Pakantan;Huta Padang;22998
78607;Sumatera Utara;Kabupaten;Mandailing Natal;Pakantan;Huta Toras;22998
78608;Sumatera Utara;Kabupaten;Mandailing Natal;Pakantan;Pakantan Dolok;22998
78609;Sumatera Utara;Kabupaten;Mandailing Natal;Pakantan;Pakantan Lombang;22998
78610;Sumatera Utara;Kabupaten;Mandailing Natal;Pakantan;Silogun;22998
78611;Sumatera Utara;Kabupaten;Mandailing Natal;Panyabungan;Adian Jior;22912
78612;Sumatera Utara;Kabupaten;Mandailing Natal;Panyabungan;Aek Banir;22912
78613;Sumatera Utara;Kabupaten;Mandailing Natal;Panyabungan;Aek Mata;22912
78614;Sumatera Utara;Kabupaten;Mandailing Natal;Panyabungan;Dalan Lidang;22912
78615;Sumatera Utara;Kabupaten;Mandailing Natal;Panyabungan;Darussalam;22912
78616;Sumatera Utara;Kabupaten;Mandailing Natal;Panyabungan;Gunung Barani;22912
78617;Sumatera Utara;Kabupaten;Mandailing Natal;Panyabungan;Gunung Manaon;22912
78618;Sumatera Utara;Kabupaten;Mandailing Natal;Panyabungan;Gunung Tua Jae;22918
78619;Sumatera Utara;Kabupaten;Mandailing Natal;Panyabungan;Gunung Tua Julu;22918
78620;Sumatera Utara;Kabupaten;Mandailing Natal;Panyabungan;Gunung Tua Tonga;22918
78621;Sumatera Utara;Kabupaten;Mandailing Natal;Panyabungan;Huta Lombang Lubis;22912
78622;Sumatera Utara;Kabupaten;Mandailing Natal;Panyabungan;Ipar Bondar;22918
78623;Sumatera Utara;Kabupaten;Mandailing Natal;Panyabungan;Kampung Padang;22912
78624;Sumatera Utara;Kabupaten;Mandailing Natal;Panyabungan;Kayu Jati;22919
78625;Sumatera Utara;Kabupaten;Mandailing Natal;Panyabungan;Kota Siantar;22919
78626;Sumatera Utara;Kabupaten;Mandailing Natal;Panyabungan;Lumban Pasir;22912
78627;Sumatera Utara;Kabupaten;Mandailing Natal;Panyabungan;Manyabar;22912
78628;Sumatera Utara;Kabupaten;Mandailing Natal;Panyabungan;Manyabar Jae;22912
78629;Sumatera Utara;Kabupaten;Mandailing Natal;Panyabungan;Pagaran Tonga;22912
78630;Sumatera Utara;Kabupaten;Mandailing Natal;Panyabungan;Panggorengan;22912
78631;Sumatera Utara;Kabupaten;Mandailing Natal;Panyabungan;Panyabungan I;22912
78632;Sumatera Utara;Kabupaten;Mandailing Natal;Panyabungan;Panyabungan II;22913
78633;Sumatera Utara;Kabupaten;Mandailing Natal;Panyabungan;Panyabungan III;22911
78634;Sumatera Utara;Kabupaten;Mandailing Natal;Panyabungan;Panyabungan Jae;22917
78635;Sumatera Utara;Kabupaten;Mandailing Natal;Panyabungan;Panyabungan Julu;22916
78636;Sumatera Utara;Kabupaten;Mandailing Natal;Panyabungan;Panyabungan Tonga;22916
78637;Sumatera Utara;Kabupaten;Mandailing Natal;Panyabungan;Pasar Hilir;22916
78638;Sumatera Utara;Kabupaten;Mandailing Natal;Panyabungan;Perbangunan;22912
78639;Sumatera Utara;Kabupaten;Mandailing Natal;Panyabungan;Pidoli Dolok;22915
78640;Sumatera Utara;Kabupaten;Mandailing Natal;Panyabungan;Pidoli Lombang;22915
78641;Sumatera Utara;Kabupaten;Mandailing Natal;Panyabungan;Saba Jambu;22912
78642;Sumatera Utara;Kabupaten;Mandailing Natal;Panyabungan;Salam Bue;22912
78643;Sumatera Utara;Kabupaten;Mandailing Natal;Panyabungan;Sarak Matua;22912
78644;Sumatera Utara;Kabupaten;Mandailing Natal;Panyabungan;Sigalapang Julu;22912
78645;Sumatera Utara;Kabupaten;Mandailing Natal;Panyabungan;Siobon Jae;22912
78646;Sumatera Utara;Kabupaten;Mandailing Natal;Panyabungan;Siobon Julu;22912
78647;Sumatera Utara;Kabupaten;Mandailing Natal;Panyabungan;Sipapaga;22912
78648;Sumatera Utara;Kabupaten;Mandailing Natal;Panyabungan;Sipolu-Polu;22912
78649;Sumatera Utara;Kabupaten;Mandailing Natal;Panyabungan;Sopobatu;22912
78650;Sumatera Utara;Kabupaten;Mandailing Natal;Panyabungan Barat;Barbaran;22911
78651;Sumatera Utara;Kabupaten;Mandailing Natal;Panyabungan Barat;Barbaran Jae;22911
78652;Sumatera Utara;Kabupaten;Mandailing Natal;Panyabungan Barat;Batang Gadis;22911
78653;Sumatera Utara;Kabupaten;Mandailing Natal;Panyabungan Barat;Batang Gadis Jae;22911
78654;Sumatera Utara;Kabupaten;Mandailing Natal;Panyabungan Barat;Huta Baringin;22911
78655;Sumatera Utara;Kabupaten;Mandailing Natal;Panyabungan Barat;Huta Tonga BB;22911
78656;Sumatera Utara;Kabupaten;Mandailing Natal;Panyabungan Barat;Longat;22911
78657;Sumatera Utara;Kabupaten;Mandailing Natal;Panyabungan Barat;Ruding;22911
78658;Sumatera Utara;Kabupaten;Mandailing Natal;Panyabungan Barat;Saba Jior;22911
78659;Sumatera Utara;Kabupaten;Mandailing Natal;Panyabungan Barat;Sirambas;22911
78660;Sumatera Utara;Kabupaten;Mandailing Natal;Panyabungan Selatan;Aek Ngali;22952
78661;Sumatera Utara;Kabupaten;Mandailing Natal;Panyabungan Selatan;Hayuraja;22952
78662;Sumatera Utara;Kabupaten;Mandailing Natal;Panyabungan Selatan;Huta Julu;22952
78663;Sumatera Utara;Kabupaten;Mandailing Natal;Panyabungan Selatan;Huta Raja;22952
78664;Sumatera Utara;Kabupaten;Mandailing Natal;Panyabungan Selatan;Hutarimbaru;22952
78665;Sumatera Utara;Kabupaten;Mandailing Natal;Panyabungan Selatan;Kayu Laut;22952
78666;Sumatera Utara;Kabupaten;Mandailing Natal;Panyabungan Selatan;Lumban Dolok;22952
78667;Sumatera Utara;Kabupaten;Mandailing Natal;Panyabungan Selatan;Pagaran Gala-Gala;22952
78668;Sumatera Utara;Kabupaten;Mandailing Natal;Panyabungan Selatan;Roburan Dolok;22952
78669;Sumatera Utara;Kabupaten;Mandailing Natal;Panyabungan Selatan;Roburan Lombang;22952
78670;Sumatera Utara;Kabupaten;Mandailing Natal;Panyabungan Selatan;Tano Bato;22952
78671;Sumatera Utara;Kabupaten;Mandailing Natal;Panyabungan Timur;Aek Nabara;22912
78672;Sumatera Utara;Kabupaten;Mandailing Natal;Panyabungan Timur;Banjar Lancat;22912
78673;Sumatera Utara;Kabupaten;Mandailing Natal;Panyabungan Timur;Gunung Baringin;22912
78674;Sumatera Utara;Kabupaten;Mandailing Natal;Panyabungan Timur;Huta Bangun;22912
78675;Sumatera Utara;Kabupaten;Mandailing Natal;Panyabungan Timur;Huta Rimbaru Gb;22912
78676;Sumatera Utara;Kabupaten;Mandailing Natal;Panyabungan Timur;Huta Tinggi;22912
78677;Sumatera Utara;Kabupaten;Mandailing Natal;Panyabungan Timur;Padang Laru;22912
78678;Sumatera Utara;Kabupaten;Mandailing Natal;Panyabungan Timur;Pagur;22912
78679;Sumatera Utara;Kabupaten;Mandailing Natal;Panyabungan Timur;Pardomuan;22912
78680;Sumatera Utara;Kabupaten;Mandailing Natal;Panyabungan Timur;Parmompang;22912
78681;Sumatera Utara;Kabupaten;Mandailing Natal;Panyabungan Timur;Ranto Natas;22912
78682;Sumatera Utara;Kabupaten;Mandailing Natal;Panyabungan Timur;Sirangkap;22912
78683;Sumatera Utara;Kabupaten;Mandailing Natal;Panyabungan Timur;Tanjung;22912
78684;Sumatera Utara;Kabupaten;Mandailing Natal;Panyabungan Timur;Tanjung Julu;22912
78685;Sumatera Utara;Kabupaten;Mandailing Natal;Panyabungan Timur;Tebing Tinggi;22912
78686;Sumatera Utara;Kabupaten;Mandailing Natal;Panyabungan Utara;Beringin Jaya;22978
78687;Sumatera Utara;Kabupaten;Mandailing Natal;Panyabungan Utara;Binanga;22978
78688;Sumatera Utara;Kabupaten;Mandailing Natal;Panyabungan Utara;Huta Dame;22978
78689;Sumatera Utara;Kabupaten;Mandailing Natal;Panyabungan Utara;Hutanaingkan;22978
78690;Sumatera Utara;Kabupaten;Mandailing Natal;Panyabungan Utara;Jambur Padang Matinggi;22978
78691;Sumatera Utara;Kabupaten;Mandailing Natal;Panyabungan Utara;Kampung Baru;22978
78692;Sumatera Utara;Kabupaten;Mandailing Natal;Panyabungan Utara;Mompang Jae;22978
78693;Sumatera Utara;Kabupaten;Mandailing Natal;Panyabungan Utara;Mompang Julu;22978
78694;Sumatera Utara;Kabupaten;Mandailing Natal;Panyabungan Utara;Rumbio;22978
78695;Sumatera Utara;Kabupaten;Mandailing Natal;Panyabungan Utara;Simanondong;22978
78696;Sumatera Utara;Kabupaten;Mandailing Natal;Panyabungan Utara;Sopo Sorik;22978
78697;Sumatera Utara;Kabupaten;Mandailing Natal;Panyabungan Utara;Suka Ramai;22978
78698;Sumatera Utara;Kabupaten;Mandailing Natal;Panyabungan Utara;Tanjung Mompang;22978
78699;Sumatera Utara;Kabupaten;Mandailing Natal;Panyabungan Utara;Torbanua Raja;22978
78700;Sumatera Utara;Kabupaten;Mandailing Natal;Puncak Sorik Marapi;Handel;22994
78701;Sumatera Utara;Kabupaten;Mandailing Natal;Puncak Sorik Marapi;Huta Baringin;22994
78702;Sumatera Utara;Kabupaten;Mandailing Natal;Puncak Sorik Marapi;Huta Baru;22994
78703;Sumatera Utara;Kabupaten;Mandailing Natal;Puncak Sorik Marapi;Huta Lombang;22994
78704;Sumatera Utara;Kabupaten;Mandailing Natal;Puncak Sorik Marapi;Hutabaringin Julu;22994
78705;Sumatera Utara;Kabupaten;Mandailing Natal;Puncak Sorik Marapi;Hutanamale;22994
78706;Sumatera Utara;Kabupaten;Mandailing Natal;Puncak Sorik Marapi;Hutatinggi;22994
78707;Sumatera Utara;Kabupaten;Mandailing Natal;Puncak Sorik Marapi;Purba Julu;22994
78708;Sumatera Utara;Kabupaten;Mandailing Natal;Puncak Sorik Marapi;Sibanggor Jae;22994
78709;Sumatera Utara;Kabupaten;Mandailing Natal;Puncak Sorik Marapi;Sibanggor Julu;22994
78710;Sumatera Utara;Kabupaten;Mandailing Natal;Puncak Sorik Marapi;Sibanggor Tonga;22994
78711;Sumatera Utara;Kabupaten;Mandailing Natal;Ranto Baek;Bangun Saroha;22983
78712;Sumatera Utara;Kabupaten;Mandailing Natal;Ranto Baek;Banjar Maga;22983
78713;Sumatera Utara;Kabupaten;Mandailing Natal;Ranto Baek;Dua Sepakat;22983
78714;Sumatera Utara;Kabupaten;Mandailing Natal;Ranto Baek;Gonting;22983
78715;Sumatera Utara;Kabupaten;Mandailing Natal;Ranto Baek;Gunung Godang;22983
78716;Sumatera Utara;Kabupaten;Mandailing Natal;Ranto Baek;Huta Baringin;22983
78717;Sumatera Utara;Kabupaten;Mandailing Natal;Ranto Baek;Huta Nauli;22983
78718;Sumatera Utara;Kabupaten;Mandailing Natal;Ranto Baek;Huta Raja;22983
78719;Sumatera Utara;Kabupaten;Mandailing Natal;Ranto Baek;Lubuk Kancah;22983
78720;Sumatera Utara;Kabupaten;Mandailing Natal;Ranto Baek;Manisak;22983
78721;Sumatera Utara;Kabupaten;Mandailing Natal;Ranto Baek;Muara Bangko;22983
78722;Sumatera Utara;Kabupaten;Mandailing Natal;Ranto Baek;Ranto Nalinjang;22983
78723;Sumatera Utara;Kabupaten;Mandailing Natal;Ranto Baek;Ranto Panjang;22983
78724;Sumatera Utara;Kabupaten;Mandailing Natal;Ranto Baek;Sampuran;22983
78725;Sumatera Utara;Kabupaten;Mandailing Natal;Ranto Baek;Simaninggir;22983
78726;Sumatera Utara;Kabupaten;Mandailing Natal;Ranto Baek;Simpang Talap;22983
78727;Sumatera Utara;Kabupaten;Mandailing Natal;Ranto Baek;Tandikek;22983
78728;Sumatera Utara;Kabupaten;Mandailing Natal;Siabu;Aek Mual;22976
78729;Sumatera Utara;Kabupaten;Mandailing Natal;Siabu;Bonan Dolok;22976
78730;Sumatera Utara;Kabupaten;Mandailing Natal;Siabu;Huraba I;22976
78731;Sumatera Utara;Kabupaten;Mandailing Natal;Siabu;Huraba II;22976
78732;Sumatera Utara;Kabupaten;Mandailing Natal;Siabu;Huta Baringin;22976
78733;Sumatera Utara;Kabupaten;Mandailing Natal;Siabu;Huta Godang Muda;22976
78734;Sumatera Utara;Kabupaten;Mandailing Natal;Siabu;Huta Puli;22976
78735;Sumatera Utara;Kabupaten;Mandailing Natal;Siabu;Huta Raja;22976
78736;Sumatera Utara;Kabupaten;Mandailing Natal;Siabu;Lumban Dolok;22976
78737;Sumatera Utara;Kabupaten;Mandailing Natal;Siabu;Lumban Pinasa;22976
78738;Sumatera Utara;Kabupaten;Mandailing Natal;Siabu;Muara Batang Angkola;22976
78739;Sumatera Utara;Kabupaten;Mandailing Natal;Siabu;Pintu Padang Jae;22976
78740;Sumatera Utara;Kabupaten;Mandailing Natal;Siabu;Pintu Padang Julu;22976
78741;Sumatera Utara;Kabupaten;Mandailing Natal;Siabu;Siabu;22976
78742;Sumatera Utara;Kabupaten;Mandailing Natal;Siabu;Sibaruang;22976
78743;Sumatera Utara;Kabupaten;Mandailing Natal;Siabu;Sihepeng;22976
78744;Sumatera Utara;Kabupaten;Mandailing Natal;Siabu;Sihepeng Dua;22976
78745;Sumatera Utara;Kabupaten;Mandailing Natal;Siabu;Sihepeng Lima;22976
78746;Sumatera Utara;Kabupaten;Mandailing Natal;Siabu;Sihepeng Opat;22976
78747;Sumatera Utara;Kabupaten;Mandailing Natal;Siabu;Sihepeng Sada;22976
78748;Sumatera Utara;Kabupaten;Mandailing Natal;Siabu;Sihepeng Tolu;22976
78749;Sumatera Utara;Kabupaten;Mandailing Natal;Siabu;Simangambat;22976
78750;Sumatera Utara;Kabupaten;Mandailing Natal;Siabu;Simaninggir;22976
78751;Sumatera Utara;Kabupaten;Mandailing Natal;Siabu;Sinonoan;22976
78752;Sumatera Utara;Kabupaten;Mandailing Natal;Siabu;Tangga Bosi I;22976
78753;Sumatera Utara;Kabupaten;Mandailing Natal;Siabu;Tangga Bosi II;22976
78754;Sumatera Utara;Kabupaten;Mandailing Natal;Siabu;Tangga Bosi III;22976
78755;Sumatera Utara;Kabupaten;Mandailing Natal;Siabu;Tanjung Sialang;22976
78756;Sumatera Utara;Kabupaten;Mandailing Natal;Sinunukan;Airapa;22988
78757;Sumatera Utara;Kabupaten;Mandailing Natal;Sinunukan;Banjar Aur Utara;22988
78758;Sumatera Utara;Kabupaten;Mandailing Natal;Sinunukan;Bintungan Bejangkar Baru;22988
78759;Sumatera Utara;Kabupaten;Mandailing Natal;Sinunukan;Kampung Kapas II;22988
78760;Sumatera Utara;Kabupaten;Mandailing Natal;Sinunukan;Pasir Putih;22988
78761;Sumatera Utara;Kabupaten;Mandailing Natal;Sinunukan;Sido Makmur;22988
78762;Sumatera Utara;Kabupaten;Mandailing Natal;Sinunukan;Sinunukan I;22988
78763;Sumatera Utara;Kabupaten;Mandailing Natal;Sinunukan;Sinunukan I Central;22988
78764;Sumatera Utara;Kabupaten;Mandailing Natal;Sinunukan;Sinunukan II;22988
78765;Sumatera Utara;Kabupaten;Mandailing Natal;Sinunukan;Sinunukan III;22988
78766;Sumatera Utara;Kabupaten;Mandailing Natal;Sinunukan;Sinunukan IV;22988
78767;Sumatera Utara;Kabupaten;Mandailing Natal;Sinunukan;Suka Damai;22988
78768;Sumatera Utara;Kabupaten;Mandailing Natal;Sinunukan;Wido Daren;22988
78769;Sumatera Utara;Kabupaten;Mandailing Natal;Sinunukan;Wono Sari;22988
78770;Sumatera Utara;Kabupaten;Mandailing Natal;Tambangan;Angin Barat;22994
78771;Sumatera Utara;Kabupaten;Mandailing Natal;Tambangan;Huta Tonga AB;22994
78772;Sumatera Utara;Kabupaten;Mandailing Natal;Tambangan;Laru Baringin;22994
78773;Sumatera Utara;Kabupaten;Mandailing Natal;Tambangan;Laru Bolak;22994
78774;Sumatera Utara;Kabupaten;Mandailing Natal;Tambangan;Laru Dolok;22994
78775;Sumatera Utara;Kabupaten;Mandailing Natal;Tambangan;Laru Lombang;22994
78776;Sumatera Utara;Kabupaten;Mandailing Natal;Tambangan;Lumban Pasir;22994
78777;Sumatera Utara;Kabupaten;Mandailing Natal;Tambangan;Muara Mais;22994
78778;Sumatera Utara;Kabupaten;Mandailing Natal;Tambangan;Muara Mais Jambur;22994
78779;Sumatera Utara;Kabupaten;Mandailing Natal;Tambangan;Padang Sanggar;22994
78780;Sumatera Utara;Kabupaten;Mandailing Natal;Tambangan;Panjaringan;22994
78781;Sumatera Utara;Kabupaten;Mandailing Natal;Tambangan;Pasar Laru;22994
78782;Sumatera Utara;Kabupaten;Mandailing Natal;Tambangan;Pastap;22994
78783;Sumatera Utara;Kabupaten;Mandailing Natal;Tambangan;Pastap Julu;22994
78784;Sumatera Utara;Kabupaten;Mandailing Natal;Tambangan;Rao Rao Dolok;22994
78785;Sumatera Utara;Kabupaten;Mandailing Natal;Tambangan;Rao Rao Lombang;22994
78786;Sumatera Utara;Kabupaten;Mandailing Natal;Tambangan;Simangambat TB;22994
78787;Sumatera Utara;Kabupaten;Mandailing Natal;Tambangan;Tambangan Jae;22994
78788;Sumatera Utara;Kabupaten;Mandailing Natal;Tambangan;Tambangan Pasoman;22994
78789;Sumatera Utara;Kabupaten;Mandailing Natal;Tambangan;Tambangan Tonga;22994
78790;Sumatera Utara;Kabupaten;Mandailing Natal;Ulu Pungkut;Alahan Kae;22998
78791;Sumatera Utara;Kabupaten;Mandailing Natal;Ulu Pungkut;Habincaran;22998
78792;Sumatera Utara;Kabupaten;Mandailing Natal;Ulu Pungkut;Huta Godang;22998
78793;Sumatera Utara;Kabupaten;Mandailing Natal;Ulu Pungkut;Huta Padang UP;22998
78794;Sumatera Utara;Kabupaten;Mandailing Natal;Ulu Pungkut;Hutaimbaru UP;22998
78795;Sumatera Utara;Kabupaten;Mandailing Natal;Ulu Pungkut;Patahajang;22998
78796;Sumatera Utara;Kabupaten;Mandailing Natal;Ulu Pungkut;Simpang Banyak Jae;22998
78797;Sumatera Utara;Kabupaten;Mandailing Natal;Ulu Pungkut;Simpang Banyak Julu;22998
78798;Sumatera Utara;Kabupaten;Mandailing Natal;Ulu Pungkut;Simpang Duhu Dolok;22998
78799;Sumatera Utara;Kabupaten;Mandailing Natal;Ulu Pungkut;Simpang Duhu Lombang;22998
78800;Sumatera Utara;Kabupaten;Mandailing Natal;Ulu Pungkut;Simpang Pining;22998
78801;Sumatera Utara;Kabupaten;Mandailing Natal;Ulu Pungkut;Tolang;22998
78802;Sumatera Utara;Kota;Medan;Medan Amplas;Amplas;20229
78803;Sumatera Utara;Kota;Medan;Medan Amplas;Bangun Mulia;20149
78804;Sumatera Utara;Kota;Medan;Medan Amplas;Harjosari I;20147
78805;Sumatera Utara;Kota;Medan;Medan Amplas;Harjosari II;20147
78806;Sumatera Utara;Kota;Medan;Medan Amplas;Sitirejo II;20219
78807;Sumatera Utara;Kota;Medan;Medan Amplas;Sitirejo III;20219
78808;Sumatera Utara;Kota;Medan;Medan Amplas;Timbang Deli;20148
78809;Sumatera Utara;Kota;Medan;Medan Area;Kota Matsum I;20215
78810;Sumatera Utara;Kota;Medan;Medan Area;Kota Matsum II;20215
78811;Sumatera Utara;Kota;Medan;Medan Area;Kota Matsum IV;20215
78812;Sumatera Utara;Kota;Medan;Medan Area;Pandau Hulu II;20211
78813;Sumatera Utara;Kota;Medan;Medan Area;Pasar Merah Timur;20217
78814;Sumatera Utara;Kota;Medan;Medan Area;Sei Rengas II;20214
78815;Sumatera Utara;Kota;Medan;Medan Area;Sei Rengas Permata;20214
78816;Sumatera Utara;Kota;Medan;Medan Area;Sukaramai I;20216
78817;Sumatera Utara;Kota;Medan;Medan Area;Sukaramai II;20216
78818;Sumatera Utara;Kota;Medan;Medan Area;Tegal Sari I;20216
78819;Sumatera Utara;Kota;Medan;Medan Area;Tegal Sari II;20216
78820;Sumatera Utara;Kota;Medan;Medan Area;Tegal Sari III;20216
78821;Sumatera Utara;Kota;Medan;Medan Barat;Glugur Kota;20115
78822;Sumatera Utara;Kota;Medan;Medan Barat;Karang Berombak;20117
78823;Sumatera Utara;Kota;Medan;Medan Barat;Kesawan;20111
78824;Sumatera Utara;Kota;Medan;Medan Barat;Pulo Brayan Kota;20116
78825;Sumatera Utara;Kota;Medan;Medan Barat;Sei Agul;20117
78826;Sumatera Utara;Kota;Medan;Medan Barat;Silalas;20114
78827;Sumatera Utara;Kota;Medan;Medan Baru;Babura;20154
78828;Sumatera Utara;Kota;Medan;Medan Baru;Darat;20153
78829;Sumatera Utara;Kota;Medan;Medan Baru;Merdeka;20154
78830;Sumatera Utara;Kota;Medan;Medan Baru;Padang Bulan;20155
78831;Sumatera Utara;Kota;Medan;Medan Baru;Petisah Hulu;20153
78832;Sumatera Utara;Kota;Medan;Medan Baru;Titi Rantai/Rante;20156
78833;Sumatera Utara;Kota;Medan;Medan Belawan Kota;Bagan Deli;20414
78834;Sumatera Utara;Kota;Medan;Medan Belawan Kota;Belawan Bahagia;20415
78835;Sumatera Utara;Kota;Medan;Medan Belawan Kota;Belawan Bahari;20414
78836;Sumatera Utara;Kota;Medan;Medan Belawan Kota;Belawan I;20411
78837;Sumatera Utara;Kota;Medan;Medan Belawan Kota;Belawan II;20412
78838;Sumatera Utara;Kota;Medan;Medan Belawan Kota;Belawan Sicanang;20412
78839;Sumatera Utara;Kota;Medan;Medan Deli;Kota Bangun;20243
78840;Sumatera Utara;Kota;Medan;Medan Deli;Mabar;20242
78841;Sumatera Utara;Kota;Medan;Medan Deli;Mabar Hilir;20242
78842;Sumatera Utara;Kota;Medan;Medan Deli;Tanjung Mulia;20241
78843;Sumatera Utara;Kota;Medan;Medan Deli;Tanjung Mulia Hilir;20241
78844;Sumatera Utara;Kota;Medan;Medan Deli;Titi Papan;20244
78845;Sumatera Utara;Kota;Medan;Medan Denai;Binjai;20228
78846;Sumatera Utara;Kota;Medan;Medan Denai;Denai;20227
78847;Sumatera Utara;Kota;Medan;Medan Denai;Medan Tenggara;20228
78848;Sumatera Utara;Kota;Medan;Medan Denai;Tegal Sari Mandala I;20226
78849;Sumatera Utara;Kota;Medan;Medan Denai;Tegal Sari Mandala II;20226
78850;Sumatera Utara;Kota;Medan;Medan Denai;Tegal Sari Mandala III;20226
78851;Sumatera Utara;Kota;Medan;Medan Helvetia;Cinta Damai;20126
78852;Sumatera Utara;Kota;Medan;Medan Helvetia;Dwi Kora;20123
78853;Sumatera Utara;Kota;Medan;Medan Helvetia;Helvetia;20124
78854;Sumatera Utara;Kota;Medan;Medan Helvetia;Helvetia Tengah;20124
78855;Sumatera Utara;Kota;Medan;Medan Helvetia;Helvetia Timur;20124
78856;Sumatera Utara;Kota;Medan;Medan Helvetia;Sei Sikambing C II;20123
78857;Sumatera Utara;Kota;Medan;Medan Helvetia;Tanjung Gusta;20125
78858;Sumatera Utara;Kota;Medan;Medan Johor;Gedung Johor;20144
78859;Sumatera Utara;Kota;Medan;Medan Johor;Kedai Durian;20145
78860;Sumatera Utara;Kota;Medan;Medan Johor;Kwala Bekala;20142
78861;Sumatera Utara;Kota;Medan;Medan Johor;Pangkalan Masyhur;20143
78862;Sumatera Utara;Kota;Medan;Medan Johor;Suka Maju;20146
78863;Sumatera Utara;Kota;Medan;Medan Johor;Titi Kuning;20146
78864;Sumatera Utara;Kota;Medan;Medan Kota;Kota Matsum III;20215
78865;Sumatera Utara;Kota;Medan;Medan Kota;Mesjid;20213
78866;Sumatera Utara;Kota;Medan;Medan Kota;Pandau Hulu I;20211
78867;Sumatera Utara;Kota;Medan;Medan Kota;Pasar Baru;20212
78868;Sumatera Utara;Kota;Medan;Medan Kota;Pasar Merah Barat;20217
78869;Sumatera Utara;Kota;Medan;Medan Kota;Pusat Pasar;20212
78870;Sumatera Utara;Kota;Medan;Medan Kota;Sei Rengas I;20214
78871;Sumatera Utara;Kota;Medan;Medan Kota;Siti Rejo I;20219
78872;Sumatera Utara;Kota;Medan;Medan Kota;Sudi Rejo I;20218
78873;Sumatera Utara;Kota;Medan;Medan Kota;Sudi Rejo II;20218
78874;Sumatera Utara;Kota;Medan;Medan Kota;Teladan Barat;20217
78875;Sumatera Utara;Kota;Medan;Medan Kota;Teladan Timur;20217
78876;Sumatera Utara;Kota;Medan;Medan Labuhan;Besar;20251
78877;Sumatera Utara;Kota;Medan;Medan Labuhan;Martubung;20252
78878;Sumatera Utara;Kota;Medan;Medan Labuhan;Nelayan Indah;20524
78879;Sumatera Utara;Kota;Medan;Medan Labuhan;Pekan Labuhan;20253
78880;Sumatera Utara;Kota;Medan;Medan Labuhan;Sei Mati;20252
78881;Sumatera Utara;Kota;Medan;Medan Labuhan;Tangkahan;20525
78882;Sumatera Utara;Kota;Medan;Medan Maimun;Aur;20151
78883;Sumatera Utara;Kota;Medan;Medan Maimun;Hamdan;20151
78884;Sumatera Utara;Kota;Medan;Medan Maimun;Jati;20152
78885;Sumatera Utara;Kota;Medan;Medan Maimun;Kampung Baru;20158
78886;Sumatera Utara;Kota;Medan;Medan Maimun;Sei Mati;20159
78887;Sumatera Utara;Kota;Medan;Medan Maimun;Suka Raja;20159
78888;Sumatera Utara;Kota;Medan;Medan Marelan;Labuhan Deli;20254
78889;Sumatera Utara;Kota;Medan;Medan Marelan;Paya Pasir;20250
78890;Sumatera Utara;Kota;Medan;Medan Marelan;Rengas Pulau;20255
78891;Sumatera Utara;Kota;Medan;Medan Marelan;Tanah Enam Ratus;20245
78892;Sumatera Utara;Kota;Medan;Medan Marelan;Terjun;20256
78893;Sumatera Utara;Kota;Medan;Medan Perjuangan;Pahlawan;20233
78894;Sumatera Utara;Kota;Medan;Medan Perjuangan;Pandau Hilir;20232
78895;Sumatera Utara;Kota;Medan;Medan Perjuangan;Sei Kera Hulu;20233
78896;Sumatera Utara;Kota;Medan;Medan Perjuangan;Sei Kerah Hilir I;20233
78897;Sumatera Utara;Kota;Medan;Medan Perjuangan;Sei Kerah Hilir II;20233
78898;Sumatera Utara;Kota;Medan;Medan Perjuangan;Sidorame Barat I;20236
78899;Sumatera Utara;Kota;Medan;Medan Perjuangan;Sidorame Barat II;20236
78900;Sumatera Utara;Kota;Medan;Medan Perjuangan;Sidorame Timur;20236
78901;Sumatera Utara;Kota;Medan;Medan Perjuangan;Tegal Rejo;20237
78902;Sumatera Utara;Kota;Medan;Medan Petisah;Petisah Tengah;20112
78903;Sumatera Utara;Kota;Medan;Medan Petisah;Sei Putih Barat;20118
78904;Sumatera Utara;Kota;Medan;Medan Petisah;Sei Putih Tengah;20118
78905;Sumatera Utara;Kota;Medan;Medan Petisah;Sei Putih Timur I;20118
78906;Sumatera Utara;Kota;Medan;Medan Petisah;Sei Putih Timur II;20118
78907;Sumatera Utara;Kota;Medan;Medan Petisah;Sei Sikambing D;20119
78908;Sumatera Utara;Kota;Medan;Medan Petisah;Sekip;20113
78909;Sumatera Utara;Kota;Medan;Medan Polonia;Anggrung;20152
78910;Sumatera Utara;Kota;Medan;Medan Polonia;Madras Hulu;20152
78911;Sumatera Utara;Kota;Medan;Medan Polonia;Polonia;20157
78912;Sumatera Utara;Kota;Medan;Medan Polonia;Sari Rejo;20157
78913;Sumatera Utara;Kota;Medan;Medan Polonia;Suka Damai;20157
78914;Sumatera Utara;Kota;Medan;Medan Selayang;Asam Kumbang;20133
78915;Sumatera Utara;Kota;Medan;Medan Selayang;Beringin;20131
78916;Sumatera Utara;Kota;Medan;Medan Selayang;Padang Bulan Selayang I;20131
78917;Sumatera Utara;Kota;Medan;Medan Selayang;Padang Bulan Selayang II;20131
78918;Sumatera Utara;Kota;Medan;Medan Selayang;Sempakata;20132
78919;Sumatera Utara;Kota;Medan;Medan Selayang;Tanjung Sari;20132
78920;Sumatera Utara;Kota;Medan;Medan Sunggal;Babura Sunggal;20121
78921;Sumatera Utara;Kota;Medan;Medan Sunggal;Lalang;20127
78922;Sumatera Utara;Kota;Medan;Medan Sunggal;Sei Sikambing B;20122
78923;Sumatera Utara;Kota;Medan;Medan Sunggal;Simpang Tanjung;20122
78924;Sumatera Utara;Kota;Medan;Medan Sunggal;Sunggal;20128
78925;Sumatera Utara;Kota;Medan;Medan Sunggal;Tanjung Rejo;20122
78926;Sumatera Utara;Kota;Medan;Medan Tembung;Bandar Selamat;20223
78927;Sumatera Utara;Kota;Medan;Medan Tembung;Bantan;20224
78928;Sumatera Utara;Kota;Medan;Medan Tembung;Bantan Timur;20224
78929;Sumatera Utara;Kota;Medan;Medan Tembung;Indra Kasih;20221
78930;Sumatera Utara;Kota;Medan;Medan Tembung;Sidorejo;20222
78931;Sumatera Utara;Kota;Medan;Medan Tembung;Sidorejo Hilir;20222
78932;Sumatera Utara;Kota;Medan;Medan Tembung;Tembung;20225
78933;Sumatera Utara;Kota;Medan;Medan Timur;Durian;20235
78934;Sumatera Utara;Kota;Medan;Medan Timur;Gaharu;20235
78935;Sumatera Utara;Kota;Medan;Medan Timur;Gang Buntu;20231
78936;Sumatera Utara;Kota;Medan;Medan Timur;Glugur Darat I;20238
78937;Sumatera Utara;Kota;Medan;Medan Timur;Glugur Darat II;20238
78938;Sumatera Utara;Kota;Medan;Medan Timur;Perintis;20231
78939;Sumatera Utara;Kota;Medan;Medan Timur;Pulo Brayan Bengkel;20239
78940;Sumatera Utara;Kota;Medan;Medan Timur;Pulo Brayan Bengkel Baru;20239
78941;Sumatera Utara;Kota;Medan;Medan Timur;Pulo Brayan Darat I;20239
78942;Sumatera Utara;Kota;Medan;Medan Timur;Pulo Brayan Darat II;20239
78943;Sumatera Utara;Kota;Medan;Medan Timur;Sidodadi;20234
78944;Sumatera Utara;Kota;Medan;Medan Tuntungan;Kemenangan Tani;20136
78945;Sumatera Utara;Kota;Medan;Medan Tuntungan;Ladang Bambu;20138
78946;Sumatera Utara;Kota;Medan;Medan Tuntungan;Lau Cih;20136
78947;Sumatera Utara;Kota;Medan;Medan Tuntungan;Mangga;20141
78948;Sumatera Utara;Kota;Medan;Medan Tuntungan;Namu Gajah;20136
78949;Sumatera Utara;Kota;Medan;Medan Tuntungan;Sidomulyo;20137
78950;Sumatera Utara;Kota;Medan;Medan Tuntungan;Simalingkar B;20135
78951;Sumatera Utara;Kota;Medan;Medan Tuntungan;Simpang Selayang;20135
78952;Sumatera Utara;Kota;Medan;Medan Tuntungan;Tanjung Selamat;20134
78953;Sumatera Utara;Kabupaten;Nias;Bawolato;Balale Toba'a;22876
78954;Sumatera Utara;Kabupaten;Nias;Bawolato;Banua Sibohou Silima Ewali;22876
78955;Sumatera Utara;Kabupaten;Nias;Bawolato;Botohaenga;22876
78956;Sumatera Utara;Kabupaten;Nias;Bawolato;Dahana Bawolato;22851
78957;Sumatera Utara;Kabupaten;Nias;Bawolato;Gazamanu;22876
78958;Sumatera Utara;Kabupaten;Nias;Bawolato;Hilialawa;22876
78959;Sumatera Utara;Kabupaten;Nias;Bawolato;Hilifaosi;22876
78960;Sumatera Utara;Kabupaten;Nias;Bawolato;Hiliganoita;22876
78961;Sumatera Utara;Kabupaten;Nias;Bawolato;Hilihao Cugala;22876
78962;Sumatera Utara;Kabupaten;Nias;Bawolato;Hilihoru;22851
78963;Sumatera Utara;Kabupaten;Nias;Bawolato;Hiliwarokha;22876
78964;Sumatera Utara;Kabupaten;Nias;Bawolato;Hou;22876
78965;Sumatera Utara;Kabupaten;Nias;Bawolato;Lagasimahe;22876
78966;Sumatera Utara;Kabupaten;Nias;Bawolato;Orahili;22876
78967;Sumatera Utara;Kabupaten;Nias;Bawolato;Orahua;22876
78968;Sumatera Utara;Kabupaten;Nias;Bawolato;Orahua Faondrato;22876
78969;Sumatera Utara;Kabupaten;Nias;Bawolato;Si'ofaewali Selatan;22876
78970;Sumatera Utara;Kabupaten;Nias;Bawolato;Sifaoroasi Uluhou;22876
78971;Sumatera Utara;Kabupaten;Nias;Bawolato;Sindrondro;22876
78972;Sumatera Utara;Kabupaten;Nias;Bawolato;Siofabanua;22876
78973;Sumatera Utara;Kabupaten;Nias;Bawolato;Siofaewali;22876
78974;Sumatera Utara;Kabupaten;Nias;Bawolato;Sisarahili Bawolato;22876
78975;Sumatera Utara;Kabupaten;Nias;Bawolato;Sitolubanua;22876
78976;Sumatera Utara;Kabupaten;Nias;Bawolato;Sohoya;22876
78977;Sumatera Utara;Kabupaten;Nias;Bawolato;Tagaule;22876
78978;Sumatera Utara;Kabupaten;Nias;Botomuzoi;Balohili Botomuzoi;22815
78979;Sumatera Utara;Kabupaten;Nias;Botomuzoi;Banua Sibohou Botomuzoi;22815
78980;Sumatera Utara;Kabupaten;Nias;Botomuzoi;Fulolo Botomuzoi;22815
78981;Sumatera Utara;Kabupaten;Nias;Botomuzoi;Hiliambowo Botomuzoi;22815
78982;Sumatera Utara;Kabupaten;Nias;Botomuzoi;Hiligodu Botomuzoi;22815
78983;Sumatera Utara;Kabupaten;Nias;Botomuzoi;Hilimbowo Botomuzoi;22815
78984;Sumatera Utara;Kabupaten;Nias;Botomuzoi;Hiliwaele I;22815
78985;Sumatera Utara;Kabupaten;Nias;Botomuzoi;Hiliwaele II;22815
78986;Sumatera Utara;Kabupaten;Nias;Botomuzoi;Lazara Botomuzoi;22815
78987;Sumatera Utara;Kabupaten;Nias;Botomuzoi;Lololana'a;22815
78988;Sumatera Utara;Kabupaten;Nias;Botomuzoi;Mohili Berua Botomuzoi;22815
78989;Sumatera Utara;Kabupaten;Nias;Botomuzoi;Ola Nori;22815
78990;Sumatera Utara;Kabupaten;Nias;Botomuzoi;Ononamolo Talafu;22815
78991;Sumatera Utara;Kabupaten;Nias;Botomuzoi;Simanaere Botomuzoi;22815
78992;Sumatera Utara;Kabupaten;Nias;Botomuzoi;Sisobahili Dola;22815
78993;Sumatera Utara;Kabupaten;Nias;Botomuzoi;Talafu;22815
78994;Sumatera Utara;Kabupaten;Nias;Botomuzoi;Tetehosi Botomuzoi;22815
78995;Sumatera Utara;Kabupaten;Nias;Botomuzoi;Tuhegafoa I;22815
78996;Sumatera Utara;Kabupaten;Nias;Gido;Akhelaume;22871
78997;Sumatera Utara;Kabupaten;Nias;Gido;Hiliotalua;22871
78998;Sumatera Utara;Kabupaten;Nias;Gido;Hilisebua;22871
78999;Sumatera Utara;Kabupaten;Nias;Gido;Hiliweto Gido;22871
79000;Sumatera Utara;Kabupaten;Nias;Gido;Hilizoi;22871
79001;Sumatera Utara;Kabupaten;Nias;Gido;Ladea;22871
